{
   "pos" : [ -8.7192279715006453, 13.867002332766326, 0.068766748211305184 ],
   "q" : [
      -0.0013887689865777393,
      -0.00015197336467247786,
      -0.11467964373998339,
      0.9934015439571583
   ]
}
